"","Term","Sentence","identifier"
"1","Winclada","Morphologicaldata (Table 3) were analysed using the parsimony programsNONA [60] and Winclada (BETA) ver","ark://27927/phzp373mg0t"
"2","Winclada","Winclada, in particular, apply itself to investigatingsynapomorphies supporting nodes as it allowed for themapping of all characters and states simultaneously","ark://27927/phzp373mg0t"
"3","Winclada","Bremer support values, shown in Figure 7, werecalculated as measures of branch support up to 15 steps awayfrom the most parsimonious solution.These values were alsochecked in the TNT program [67].Bootstrap support implemented inWinclada [68] of 1000resampling replicates was used to study the level of character"""""""",""""""""6 The Scientific World JournalTable 2: New set of characters of the mouthparts—stylets bundle, sense organs, and labial segments of the Nepomorpha.Number of characters State of charactersK0","ark://27927/phzp373mg0t"
"4","NONA","Morphologicaldata (Table 3) were analysed using the parsimony programsNONA [60] and Winclada (BETA) ver","ark://27927/phzp373mg0t"
"5","NONA","The topology of treesand the arrangement of terminal taxa as well as a length,consistency, and retention index obtained in PAUP andNONA program were similar","ark://27927/phzp373mg0t"
"6","NONA","NONA [60] and PIWE [65]were also used for the calculation of Bremer support values(decay index) for branches [66]","ark://27927/phzp373mg0t"
"7","NONA","Goloboff, “NONA, version 2.0,” Program and Documentation,1998.[61] K","ark://27927/phzp373mg0t"
"8","TNT","Bremer support values, shown in Figure 7, werecalculated as measures of branch support up to 15 steps awayfrom the most parsimonious solution.These values were alsochecked in the TNT program [67].Bootstrap support implemented inWinclada [68] of 1000resampling replicates was used to study the level of character"""""""",""""""""6 The Scientific World JournalTable 2: New set of characters of the mouthparts—stylets bundle, sense organs, and labial segments of the Nepomorpha.Number of characters State of charactersK0","ark://27927/phzp373mg0t"
"9","TNT","Using newTNT technology methods for searching did not result inshorter trees.2.6","ark://27927/phzp373mg0t"
"10","PAUP","Additionally,characters were also analysed using the heuristicsearch option of PAUP∗4.0 [64]","ark://27927/phzp373mg0t"
"11","PAUP","The topology of treesand the arrangement of terminal taxa as well as a length,consistency, and retention index obtained in PAUP andNONA program were similar","ark://27927/phzp373mg0t"
"12","PAUP","Swofford,PAUP4.0: Phylogenetic Analysis Using Parsimony(and Other Methods), Sinauer Associates, Sunderland, Mass,USA, 1998.[65] P","ark://27927/phzp373mg0t"
"13","PAUP","Insertionsand deletions (indels) were observed in all align-ments and treated as missing data."""""""",""""""""79Willdenowia 45 – 2015Phylogenetic analysesMaximum parsimony — Maximum parsimony analyses were conducted using PAUP* version 4.0b10 (Swofford 2002)","ark://27927/pjb4sjnxfv3"
"14","PAUP","2002: PAUP*: Phylogenetic analysis usingparsimony (*and other methods)","ark://27927/pjb4sjnxfv3"
"15","PAUP","Pachycephalosaur sympatry, previouslyknown only for Prenocephale edmontonensis and Pachycephalosauruswyomingensis (Giffin, 1989b), is more common inthe Campanian and Maastrichtian than previously thought andsuggests different paleoecological niches for these dinosaurs.PHYLOGENETIC SYSTEMATICSA character-taxon matrix for the Pachycephalosauria using49 characters was run using PAUP 4.0b8 (Swofford, 1998).This matrix is based largely on that published by Sereno (2000)and not that of Williamson and Carr (2003)","ark://27927/pgf11t6wgh3"
"16","PAUP","An incongruence-length differenceanalysis (ILD [22]) was performed with 1000 replicatesto test for incongruence between the RAG1 and S7 data sets.Maximum parsimony (MP) analyses (MPA) were conductedin PAUP∗4.0b10 [23]","ark://27927/pjb68smb7d2"
"17","PAUP","Swofford, PAUP∗","ark://27927/pjb68smb7d2"
"18","TNT","Prior to embarkingon empirical verification of some of the ideas presented in"""""""",""""""""Parkinson’s Disease 5Corticospinal excitabilityCortical activityIntracortical connectivityBOLD signalDopamine usageBOLD signalStructural integrityDopamine transportDopamine synthesisBOLD signalStructural integrityBOLD signalStructural integrityOutcomesTMSEEGEEGfMRIToolsPETfMRIDTIPETPETfMRIDTIfMRIDTIReflex modulationMuscle activityEMGEMGExcitatoryInhibitorySNcSTNThalamusCaudateGPeGPiCortexSpinal cordMusclePutamenFigure 1: Hypothesized central effects PRE might have in the cortex, basal ganglia, and spinal cord and the tools that can be used to examinethese hypothesized changes","ark://27927/phzp3zqnt8n"
"19","PAUP","A phylogenetic tree of one representative sequence from each site for each OTU, including sequences of the most closely related isolates for the major OTU groups, was reconstructed with the neighbor joining algorithm in PAUP* v4b10 (Swofford, 2002) using the same model of evolution as the DOTUR analysis (F84)","ark://27927/pgk3h98sr33"
"20","PAUP","L., 2002 - PAUP*: Phylogenetic analysis using parsimony (* and other methods)","ark://27927/pgk3h98sr33"
"21","PAUP","The distancemetric and shape parameter (a¼ 0.8139) of the gammadistribution were chosen by using the programModeltest version 3.7 (Posada and Crandall 1998)following systematic evaluation of 56 models ofsequence evolution versus raw sequence data usingPAUP version 4.0b1 (Phylogenetic Analysis UsingParsimony; available from Sinauer Associates, Inc.,Sunderland, Massachusetts).The second method for examining the relationshipbetween geographic and genetic distance was a Mantelmatrix correlation analysis","ark://27927/pf1z47tjn2"
"22","PAUP","Numbering of characters was kept thesame as in Wesley–Hunt and Flynn (2005) to reduce possible confusion.Character 40 was the only multistate character that wasordered, based on the conditions specified in the original study.The scoring used for AMNH 1964 is given in Table 1.The analysis was conducted in PAUP* version 4.0b (Swofford,2000)","ark://27927/pgk2crf8nj7"
"23","PAUP","PAUP*","ark://27927/pgk2crf8nj7"
"24","PAUP","Consensus sequences for each samplewere obtained by using BioEdit 5.09 (Hall 1999).The position of variable nucleotide sites among theDNA sequences was obtained with MacClade v4(Sinauer Associates, Sunderland, MA).The distance matrix option of PAUP* 4.0b10(Swofford 2001) was used to calculate genetic distancesaccording to the Kimura 2-parametermodel (Kimura 1980) of sequence evolution","ark://27927/pfbrmgbff"
"25","PAUP","Maximum likelihood and un-weighted parsimony analysis on the alignmentswere conducted by using PAUP* 4.0b10 (Swofford2001)","ark://27927/pfbrmgbff"
"26","PAUP","Parsimonybootstrap analysis included 1,000 resamplingswith the Branch and Bound algorithm of PAUP*.For maximum likelihood analysis, the defaultlikelihood parameter settings were used (HKY856-parameter model of nucleotide substitution,empirical base frequencies) with the exception ofthe transition/transversion ratio, which was setto 1.357845:1","ark://27927/pfbrmgbff"
"27","PAUP","4),(length = 272, CI = 0.577), as documented usingthe Branch and Bound search algorithm ofPAUP*","ark://27927/pfbrmgbff"
"28","PAUP","Single most parsimonious tree during a branch and bound search from PAUP* (Swofford 2001)","ark://27927/pfbrmgbff"
"29","PAUP","PAUP*: Phylogenetic analysisusing parsimony (*and other methods), ver","ark://27927/pfbrmgbff"
"30","PAUP","Amatrix was generated with the query samples and the closestmatching sequences, which were then aligned usingGeneious Alignment at a Cost Matrix of 70% similarity.Using a Heuristic search followed by a Bootstrap analysis, aparsimonious phylogenetic tree was constructed usingParsimony (PAUP∗ 4.0).2.6","ark://27927/phzdnjsv2p1"
"31","TNT","We first deleted some of the more distantoutgroups from the matrix, together with several incompletelyscored ingroup testudinids that are known to create topologicaluncertainty (see Vlachos and Rabi, 2018, for discussion).Finally, we changed a number of scores for some ambiguous characters(see Appendix 1).We conducted a parsimony analysis using TNT (Goloboff et al.,2008), with bootstrap and Jackknife supports (GC [group present/contradicted]; Goloboff et al., 2003) calculated using the Resamplingcommand","ark://27927/phzgb00md04"
"32","TNT","The Willi Hennig Society sponsors the use ofTNT software","ark://27927/phzgb00md04"
"33","TNT","TNT, a free program forphylogenetic analysis","ark://27927/phzgb00md04"
"34","TNT","Where accuracy, specificity, andsensitivity are defined mathematically in (11)–(13)Accuracy = TP + TNTP + TN + FP + FN, (11)Specificity = TNTN + FP, (12)Sensitivity = TPTP + FN ","ark://27927/phzmkk4d669"
"35","PAUP","Inaddition, we used the Bayesian Inference (BI) inPAUP* 4.0b10 (Swofford 2000) to analyze thephylogenetic relationship of the sequences."""""""",""""""""Teng et al.: Bemisia tabaci biotype Q Dominates in China 365RESULTSGeographic Distribution of B","ark://27927/pgfp3wn8qq"
"36","PAUP","PAUP*: Phylogenetic analysisusing parsimony (*and other methods), Ver","ark://27927/pgfp3wn8qq"
"37","PAUP","Intra- and interspecific sequence divergence for each gene was assessed with uncorrected distances, which were obtained in PAUP* (Swofford 2003).ResultsA total of 673 aligned sites of 12S (370 nt) and cytb (303 nt) were obtained","ark://27927/phz8tmr6x0n"
"38","PAUP","doi: 10.1371/journal.pone.0064018Swofford DL (2003) PAUP* Phylogenetic Analysis Using Parsimony (*and Other Methods), v","ark://27927/phz8tmr6x0n"
"39","TNT","Cladograms were obtainedfrom a parsimony analysis carried out using the program TNT1.1 with the ‘traditional search’ option (Goloboff et al., 2003).The reported results were based on a strict consensus tree","ark://27927/phx7bxk390d"
"40","TNT","Further searchesof the databases using the sequence correspondingto this domain (position 472–671) as a query inthe BLAST program, we identified several proteinsSecondary  structure                       eeeeee                  eeee    eeeeee                              eeeeeeeMA2706(611-651)           ENEIRITTSELASY---PDIYGNRIVWQDLR--NG-------NYDIYMYDLST 41ZP_00077009(21-66)        SEKIQISTSGLAFD---PSIYGNRIVWRDSR--NGKEYI--ENSNIYMYDLST 46ZP_00076578(7-47)         KIQTRISKSGEAHN---PAIYGNRIVWQEES--NG-------NSNIYMYDIST 41MM2742(182-225)           TKETQITTNGSASEYGSPAIYGDRIVWQDERDG---------NSDIYMYNLST 44MA1730(284-324)           ANETRISTNGSAS---SPAIYGNRIVWQDRRTN---------QSAIYMYDLSA 41ZP_00076817(36-76)        ITETRITNHGTAS---NPDIYGDKIVWQDNRNG---------NWDIYIFDLST 41MM2296(164-207)           KKETRITTNGSAA---IPSIYGDKIVYHDWRNGFLK------YSDIYMYDLST 44ZP_00076999(61-99)        VTETQITTSG--FH---PAIYGNRIVWTDYH---------DEECNIYMYDLST 39ZP_00078197(40-85)        INETPITTSGSATS-- PSIYGDRIVWKDWRNGNRD----DGPFNIYMYNIST 46ZP_00076576(77-125)       QKETQITTSGSATS---PSIYGNRIIWLDGRNGNSQNDT-EGGHDVYMYDLST 49ZP_00077091(829-870)      SKKTQITTNKSSQY--YPAIYGNKIVWEDFR--NEYIN-------IYMYDLST 42ZP_00076181(656-699)      SKQARITNNKSSSY--LPAVYGNRIVWESRRIANGSSN-------IFTYDLST 44ZP_00077720(17-63)        DKEIQITNDESDQL--NPAIYGDKIVWEDYR--NDRENM-YYCS-IYMYDFSA 47ZP_00075574(42-88)        KKETQITSSLDDQT--SPDIYGDKIVWEED---GGKDAV-YTNHGIYMYDIST 47MA0484(106-143)           ATKSYITQNVDQFS--KPAIYGNRIVWSADD--N-----------VYLWDIST 38ZP_00077407(106-150)      TAKTYITQNVDQYS--RPVIYENRIVWSADY--NESN----YNYNVYMRDIST 45ZP_00076955(83-124)       KKETRITTNTSDKW--DPAIYGNRIVWVDDR--NRS-------WDIYMYDLST 42ZP_00078647(121-169)      KKETQITTNVSDQY--SPYIYGNRVVWVDER--NRNPEDFSGNSDIYMYDLST 49MA1738(782-823)           TKETQITINNGFLE--DFAIYGDRMVWVDDR--NRN-------ADIYMYDLST 42ZP_00076954(203-244)      KKETQITNGSSWAI--DPAIYGDRIVWMDER--SGN-------YDIYMYDLST 42MA0783(130-171)           KKETQITTDKADQS--QPAISGNIVVWKDTR--SG-------NDDIYMYDIST 42MM1936(160-201)           KEETRITDDKADQS--QPAVWGNIIVWKDTR--NG-------NEDIYMYDISA 42MA2794(145-190)           QSETQITTNKSDQK--SPDIYGNRVVWEDDR--NGGD---LINSDIYMYDLST 46ZP_00077424(73-114)       STETRITTNESAQS--GPVIYGNRIVWYDAR--NGNG-------DIYMYDLST 42ZP_00078648(83-124)       ITEKRITTNNFEQS--DPVIYGNKILWYDER--NGNG-------DIYMYDLST 42MM2630(663-708)           SKETRITTNESYQG--DPSIYGDKVVWQDSR--NGDGYN---PADIYMYDLST 46MA2284(109-150)           SREVQITTSESYQG--KPAIYGDKIVWEDDR--NGNR-------DIYMYDIST 42MM2923(442-483)           STEFQITTGESCQI--NPAIYGNKIVWQDDR--GGKS-------DIYMYDLST 42MM1677(142-183)           SKETQITTNGSSQA--LPAIYGDKIVWQDQR--NG-------NWDIYMYDLSN 42ZP_00077721(235-275)      SLETQITFNGSRKD--KLAIYGDRIVWQDDR--NG-------NWDVYVYDLC- 41MA1293(239-280)           SAETQVTTDGLSHS--ISAIYGDRIVWEDNR--NG-------NWDIYMYDLST 42MA0487(269-312)           SAESQITTSGSIES--GSAIYGNWIVWMDYR--KGWE-----NLDVYLYDLST 44ZP_00077008(610-651)      LTEYQITTNGVNPS--RPAIYKDRIVWSDNR--NG-------NPDIYTYDLST 42MA0488(20-61)             SKEIKITTNGSSKA--NSAIYGNRVVWIDYR--TGNS-------DIYMYDIST 42MA2724(209-252)           NKTTQVTSNVSAYQ---PSIYGNWIVYMIG-DPYSGGN-----KDIYMYEIPA 44ZP_00075956(141-184)      HKVTQVTNSGNAID---PAIYGKRIVYTLN-RPHSFGV-----GDIYMYEMST 44MA2705(240-284)           HETRQVTFDGNSTS---PDVYGDRIVWESAYRAGNNPS-----GDIYMYNILT 45ZP_00076164(40-83)        TASGCVHENGCVYEN-EPKIFDDKIVWGER---YSNSG-----NNIYMYDFYT 44ZP_00077719(66-105)       KTDTTVSSSAASH----PAIYGNVVVWHDES--NGMP-------RLTVYDIKT 40MA1838(66-105)            KTDTTVSSSAASH----PAIYGNKLVWHDKS--SGVP-------RLTVYDIPS 40ZP_00076982(67-105)       RMDTTVSSSGAFS----PDIYGNTLVWRDER--SGTP-------KLAVYDIPT 40MM1670(66-105)            RTGIRFSSSGASS----PDIYENKIVWHDES--IGTP-------RIAVYDIPT 40MA0260(197-237)           KKSIDVSQYGDNMF---SHIYGDKVIWSDFY--TRLG-------NIRMYDLAT 41ZP_00077090(200-240)      KRVSDISRSGRAGN---GKIYGNIVVWTENQ--NGSR-------YVYMRDIAK 41MM2071(436-479)           SKETQITTSGNAMY---PDIYGDTIVWIDHEDIYTDK------NDIFVGTVSE 44consensus/80%             ppctplosstst.....PsIYGs+lVW.-tp..tt.........plYhYDluo(a)Figure 1","ark://27927/phz7pn85w1g"
"41","TNT","The resulting matrix (in either Nexusformat (.nex) or Hennig format (.tnt)) can then be analysed in any suitable software such as PAUP*(Swofford 2003) or TNT (Goloboff et al","ark://27927/phz8tfb4qqq"
"42","TNT","DOI: 10.1007/978-1-4020-2330-9_18• Goloboff P, Farris J, Nixon K (2008) TNT, a free program for phylogenetic analysis.Cladistics 24 (5): 774‑786","ark://27927/phz8tfb4qqq"
"43","PAUP","The resulting matrix (in either Nexusformat (.nex) or Hennig format (.tnt)) can then be analysed in any suitable software such as PAUP*(Swofford 2003) or TNT (Goloboff et al","ark://27927/phz8tfb4qqq"
"44","PAUP","DOI: 10.1016/S0169-5347(97)01242-1• Swofford DL (2003) PAUP*","ark://27927/phz8tfb4qqq"
"45","NONA","IC50D3 and ID503T3 records were obtainedfrom Figure 1, while ID50 was obtained from Figure 2.IC50D3 ID503T3 ID50 Linear discriminant functionsSubstance Gene (μg/mL) (μg/mL) (μg/mL) I II III CLA5-FUPnpla6 0.17 0.44 >0.05 −25 + 12ID50 −12 + 4.6ID50 0.37 − 3.4ID50 SAfp 0.17 0.44 <0.05 −25 + 12ID50 −12 + 4.6ID50 0.37 − 3.4ID50 SHdac7, Vegfa, Nes 0.17 0.44 0.050 −25 −12 0.18 SFlk1 0.17 0.44 NA — — — NADPHNes, Vegfa, Afp 130 97 75 2.6 5.0 −6.6 WPnpla6, Hdac7 130 97 >75 −1.4 + 0.05ID50 3.5 + 0.02ID50 −5.5 − 0.02ID50 WFlk1 130 97 NA — — — NASaccharinNes 1850 1640 1000 13 12 −8 NONPnpla6, Hdac7,Vegfa, Flk1, Nes1850 1640 >1000 10 + 0.003ID50 11 + 0.001ID50−7.8 −0.0008ID50NONAfp 1850 1640 NA — — — NACLA: classification of embryotoxicity; S: strong embryotoxicant; W: weak embryotoxicant; NON: nonembryotoxicant; NA: not applicable.Gene0255075100200400∗∗∗∗∗∗∗ ∗∗Relativeexpression(%)Pnpla6 Afp Hdac7 Vegfa Flk1 Nes(a)Pnpla6 Afp Hdac7 Vegfa Flk1 NesGene∗∗∗∗0255075100200250Relativeexpression(%)(b)Pnpla6 Afp Hdac7 Vegfa Flk1 NesGene0255075100200400∗∗∗Relativeexpression(%)(c)Figure 2: Effect of 5-FU, DPH, and saccharin on D3 differentiation","ark://27927/pgg22jwk4wb"
"46","PAUP","Characters not applicable for a species,or simply not known for that species, were coded as missing.The cladistic analysis was done using PAUP version 3.1.1(Swofford, 1993)","ark://27927/pgf11t699qm"
"47","PAUP","B, stratocladistic analysis yielded eight overall most-parsimonious trees associated with a single topology, identical to the mostparsimoniouscladogram generated by PAUP","ark://27927/pgf11t699qm"
"48","PAUP","cygneus and C.hobackensis) where character support was least secure.The first stage in the stratocladistic analysis was to importthe single most-parsimonious cladogram generated by PAUP(see above) to MacClade version 3.0 (Maddison and Maddison,1992) and include the stratigraphic character (not included inthe cladistic analysis; PAUP does not recognize the stratigraphiccharacter)","ark://27927/pgf11t699qm"
"49","PAUP","Without yet moving beyond PAUP’s resolution of relationships,assessment of stratigraphic data implicitly convertsPAUP’s cladogram to the phylogenetic tree isomorphic to it (68morphologic steps 1 11 stratigraphic steps 5 79 steps overall).To determine whether this represents a stratocladistic solution,two additional investigations are required","ark://27927/pgf11t699qm"
"50","PAUP","1, 2001‘‘make-ancestor’’ tool in MacClade to search for the most stratigraphicallyparsimonious tree(s) associated with PAUP’s clad-ogram","ark://27927/pgf11t699qm"
"51","PAUP","Rerunning the PAUP analysis to save cladograms longerthan minimum (morphologic) length, we found 42 at 69steps, 468 at 70 steps; 2,713 at 71 steps, and 10,595 at 72 steps.At this point, as the number of cladograms under the ‘‘debtceiling’’ became prohibitively high (13,819) we abandoned theapproach","ark://27927/pgf11t699qm"
"52","PAUP","For the phylogenetictree isomorphic to the morphologically most-parsimoniouscladogram generated by PAUP, the morphologic retention index,0.94, is much larger than the stratigraphic retention index,0.76","ark://27927/pgf11t699qm"
"53","PAUP","PAUP: Phylogenetic Analysis Using Parsimony,version 3.1.1","ark://27927/pgf11t699qm"
"54","PAUP","433).The data were analyzed using the parsimony criterion ofPAUP 4.0 beta 10 (Swofford, 1999)","ark://27927/pgg1wqvrs0m"
"55","PAUP","In PAUP, we performed theanalysis using the tree-bisection-reconnection branch-swappingalgorithm, and the DELTRAN setting","ark://27927/pgg1wqvrs0m"
"56","PAUP","PAUP: Phylogenetic Analysis Using ParsimonyVersion 4.0 beta 10","ark://27927/pgg1wqvrs0m"
"57","PAUP","We used PAUP∗ v4.0b10 [37]for MP-BP analyses based on 1000 BP replicates","ark://27927/phznphvb8qq"
"58","PAUP","DIs were calculatedwith the help of AutoDecay v5.04 for PERL using reverseconstraints in PAUP∗.2.5","ark://27927/phznphvb8qq"
"59","PAUP","Swofford, PAUP∗, Phylogenetic Analysis Using Parsimony,∗∗and other methods.","ark://27927/phznphvb8qq"
"60","PAUP","1994) implemented in PAUP* 4.0b10 (Swofford 2002), under heuristic search and 1000 homogeneity replicates","ark://27927/pjb4ntgpgwb"
"61","PAUP","Maximum parsimony (MP) analysis was performedin PAUP* version 4.0b10 (Swofford 2002)","ark://27927/pjb4ntgpgwb"
"62","PAUP","https://doi.org/10.3767/10.3114/sim.2022.101.05Swofford DL (2002) PAUP*: phylogenetic analysis using parsimony (*and other methods)","ark://27927/pjb4ntgpgwb"
"63","TNT","Cliniciansmust be awareof the pros and cons of microRNAs advent and read criticallythe fore coming literature.AbbreviationsACS: Acute coronary syndromeAMI: Acute myocardial infarctionCAD: Coronary artery diseaseCV: CardiovascularDGCR8: Di George syndrome critical region 8HDL: High density lipoproteinhs-cTNT: High-sensitivity cardiac troponin TLNA: Locked nucleic acidmiRNA: MicroRNAmRNA: Messenger RNAqRT-PCR: Quantitative real-time polymerase chainreactionTRBP: TAR RNA-binding proteinVLDL: Very low density lipoprotein.Competing InterestsThe authors declare that they have no competing interests.AcknowledgmentsThe authors thank Dr","ark://27927/phz6r8d0h11"
"64","TNT","Then, a feature vector is defined asNAANTotal, NACNTotal, NAGNTotal, NATNTotal,⋯, NTTNTotal\u0001 \u0003K=0: ð1ÞIn this study, all nucleotide pairs for k (0, 1, …, 5) wereconsidered, and they are encoded to a 96-dimensional digitalvector as follows:2 Computational and Mathematical Methods in Medicine"""""""",""""""""NAANTotal,NACNTotal,NAGNTotal,⋯,NTTNTotal\u0001 \u0003K=0,⋯,NAANTotal,NACNTotal,NAGNTotal; ;⋯,NTTNTotal\u0001 \u0003K=5:ð2Þ2.2.3","ark://27927/phzp4qw8nwd"
"65","TNT","They aredefined as follows:Acc =TP + TNTP + TN + FP + FN× 100,Recall =TPTP + FN× 100,Prec =TPTP + FP,Sn =TPTP + FN,Sp =TNTN + FP,F1 =2TP2TP + FP + FN,MCC =TP × TN − FP × FNffiffiffiffiffiffiffiffiffiffiffiffiffiffiffiffiffiffiffiffiffiffiffiffiffiffiffiffiffiffiffiffiffiffiffiffiffiffiffiffiffiffiffiffiffiffiffiffiffiffiffiffiffiffiffiffiffiffiffiffiffiffiffiffiffiffiffiffiffiffiffiffiffiffiffiffiffiffiffiffiTP + FPð Þ TP + FNð Þ TN + FPð Þ TN + FNð Þp ,ð18Þwhere TP is the number of true positives, FP is the number offalse positives, TN is the number of true negatives, and FN isthe number of false negatives.3","ark://27927/phzp4qw8nwd"
"66","PAUP","For the characterlist and data matrix, see Appendices A and B.The analysis was performed with PAUP*4.0 (Swofford,2003) using branch-and-bound search settings (mul-tistate taxa interpreted as polymorphism) with all charactersunordered except for characters 10 and 11, whichwere ordered","ark://27927/phx54ch2ssc"
"67","PAUP","Phylogenetic position of the genus Cyclotosaurus withinthe capitosaur taxa chosen for the present PAUP analysis (the intrarelationshipsof the genus are shown in Fig","ark://27927/phx54ch2ssc"
"68","PAUP","Intrarelationships of the different species of Cyclotosaurus as found in the strict consensus tree of the present PAUP analysis.Supporting characters (white rectangles) are mapped on nodes","ark://27927/phx54ch2ssc"
"69","PAUP","Simulated datasets were analyzed usingSwofford’s (2001) PAUP* program, version 4.0b8","ark://27927/pgf11t6wvmf"
"70","PAUP","This pruning approach can be accomplishedeasily (using PAUP*) by generating trees based on all the dataand then deleting taxa with the ‘‘prune deleted taxa from trees’’option","ark://27927/pgf11t6wvmf"
"71","PAUP","PAUP*: Phylogenetic Analysis Using Parsimony*(* and Other Methods), Version 4.0b8","ark://27927/pgf11t6wvmf"
"72","TNT","Two important indicators of theperformance of a given QSAR model are sensitivity (Se) andspecificity (Sp).They are defined by the following expressions:Se = TPTP + FN,Sp = TNTN + FP,(2)where TP refers to true positives, FN refers to false negatives,TN refers to true negatives, and FP refers to false positives.Here, since we are looking for compounds that are nottransported by BCRP (BCRP nonsubstrates) and we want todiscard BCRP substrates, the previous expressionsmay be rewrittenas follows:Se = True nonsubstratesTrue nonsubstrates + False substrates,Sp = True substratesTrue substrates + False nonsubstrates.(3)By modifying the selection threshold from the lowest tothe highest score provided by the individual models or themodel ensemble, Se and Sp will evolve in opposite ways.Consequently, it is not possible to optimize both parameterssimultaneously, and a tradeoff has to be found","ark://27927/phznphv6bc9"
"73","TNT","A p value< 0.05 was used forinferring statistical significance.We calculated true positive (TP), false positive (FP), truenegative (TN), and false negative (FN) for the classification bycomparing the classified labels and gold-standard labels./en,we calculated accuracy, sensitivity, precision, and F-score byaccuracy �TP + TNTP + TN + FP + FN,sensitivity �TPTP + FN,precision �TPTP + FP,F − score � 2 ×precision × sensitivityprecision + sensitivity,specificity �TNTN + FP.(9)3.2","ark://27927/phzd3zrq2g7"
"74","PAUP","Analysisof the data matrix in the program Phylogenetic Analysis Us-ing Parsimony (PAUP) version 3.1.1 (Swofford, 1993) resulted ina single minimum length tree with a length of 102 steps, a consistencyindex (C.I.) of 0.54, a Homoplasy Index (H.I.) of 0.62,and a Retention Index (R.I.) of 0.59","ark://27927/pgg2k4196gd"
"75","PAUP","2)Historical BiogeographyOptimization of palaeobiogeographic data (Appendix 5, onlineat http://www.vertpaleo.org/jvp) was run in PAUP on a con-strained topology of tyrannosauroid relationships within coelurosaurianphylogeny, reconstructed after a recently publishedtheropod cladogram (Holtz, 2000)","ark://27927/pgg2k4196gd"
"76","PAUP","PAUP: Phylogenetic Analysis Using Parsimony.Version 3.1","ark://27927/pgg2k4196gd"
"77","TNT","Basedon the ground truth and developed methods, the sensitivity,specificity, DSC, and accuracy are measured using equations(3)–(6), respectively:sensitivity �TPTP + FN, (3)specificity �TNTN + FP, (4)DSC �2TP((TP + FP) +(FN + TP)), (5)accuracy �TP + TNTP + TN + FP + FN, (6)where TP is true positive, i.e., area correctly labelled ascartilage area, TN is true negative, i.e., area correctly labelledas noncartilage area, FP is false positive, i.e., area incorrectlylabelled as cartilage area, and FN is false negative, i.e., areaincorrectly labelled as noncartilage area","ark://27927/phzjvn5p86t"
"78","TNT","OSANon-OSA vs.OSA-HTNOSA vs.OSA-HTNTotal sleep time (min) 394.23± 79.11 409.43± 106.39 420.27± 89.03 0.330 0.720 NAa NA NAN1 sleep stage (%) 26.85± 15.03 52.61± 18.04 49.03± 17.32 9.330 <0.001 <0.001 <0.001 0.476N2 sleep stage (%) 34.68± 17.29 21.48± 12.09 25.11± 11.51 4.486 0.015 0.004 0.030 0.254N3 sleep stage (%) 19.53± 6.34 8.65± 7.76 10.77± 8.49 8.035 0.001 <0.001 0.002 0.294NREM sleep stage (%) 81.04± 10.72 82.78± 14.59 84.93± 9.32 0.657 0.522 NA NA NAREM sleep stage (%) 18.96± 10.72 17.22± 14.59 15.07± 9.32 0.657 0.522 NA NA NASleep efficiency (%) 72.55± 10.93 73.43± 17.61 75.25± 12.87 0.152 0.859 NA NA NASleep latency (min) 29.41± 26.84 21.73± 29.01 28.26± 32.95 0.332 0.718 NA NA NAWake after sleep onset 118.03± 58.77 125.74± 84.63 111.3± 67.15 0.087 0.917 NA NA NAArousal index(events/h) 3.21± 1.42 3.56± 3.64 2.77± 2.16 0.322 0.726 NA NA NAArousal index in REM 35.15± 14.54 44.63± 21.41 45.95± 18.74 1.681 0.194 NA NA NAArousal index in NREM 33.83± 11.13 59.35± 16.69 65.52± 18.95 8.092 0.001 <0.001 <0.001 0.189Total sleep arousal index 34.52± 11.18 59.19± 16.26 63.6± 17.65 14.302 <0.001 <0.001 <0.001 0.318Apnea-hypopnea index(events/h) 1.90± 1.4 53.78± 17.90 58.99± 19.81 52.001 <0.001 <0.001 <0.001 0.447Obstructive apnea index(events/h) 0.61± 0.75 29.29± 17.59 31.96± 22.37 12.944 <0.001 <0.001 <0.001 0.659Central apnea index(events/h) 0.13± 0.19 3.06± 5.87 2.70± 3.51 2.084 0.132 NA NA NAMixed apnea index(events/h) 0.06± 0.12 4.30± 6.71 4.64± 6.05 2.991 0.057 NA NA NAHypopnea index(events/h) 1.10± 1.08 17.10± 11.47 19.69± 12.97 12.545 <0.001 <0.001 <0.001 0.566Oxygen desaturation index(events/h) 1.52± 1.48 49.97± 18.95 55.6± 18.53 49.580 <0.001 <0.001 <0.001 0.443Lowest oxygen saturation(%) 90.00± 4.11 72.22± 9.19 70.88± 9.43 25.112 <0.001 <0.001 <0.001 0.915Average oxygen saturation(%) 95.92± 1.51 92.59± 2.94 91.48± 3.43 9.624 <0.001 0.001 <0.001 0.277Mean heart rate 60.67± 8.91 67.22± 9.28 68.70± 12.1 2.494 0.090 NA NA NAArrhythmia index(events/h) 7.95± 16.36 17.89± 50.59 9.35± 25.60 0.618 0.542 NA NA NAMaximum heart rate 96.67± 16.59 104.26± 13.97 101.91± 12.92 1.159 0.320 NA NA NAMinimum heart rate 51.25± 7.66 53.22± 8.05 51.52± 7.80 0.453 0.637 NA NA NABlood pressure elevationindex (events/h) 4.94± 5.19 29.61± 21.12 35.30± 26.19 8.405 0.001 0.002 <0.001 0.4460e highest systolic bloodpressure (mmHg) 140.67± 23.60 185.48± 42.82 199.88± 37.85 11.020 <0.001 0.001 <0.001 0.287Average systolic bloodpressure (mmHg) 111.67± 16.29 119.85± 15.48 141.97± 21.97 15.339 <0.001 0.211 <0.001 <0.001Average diastolic bloodpressure (mmHg) 75.58± 10.39 82.78± 8.22 96.48± 12.57 20.529 <0.001 0.064 <0.001 <0.001aNot analyzed","ark://27927/pjb1nzfc9zp"
"79","PAUP","All SNPs (excluding those that were autapomorphic for the reference) are given in Table S2 available in the online supplementary material.Phylogenetics of ST20 isolates.We used parsimony criteria and a heuristic search with default options using PAUP 4.0b10 (Swofford, 2003)","ark://27927/phz9w7rsvnv"
"80","TNT","In this occasion, we modified the wordingof character 50 and added four new characters (203–206).The final version of the data matrix is composed of 206characters scored across 94 active terminals (SupplementaryOnline Information).The data set of discrete morphological characters wasanalyzed under equally weighted maximum parsimonyusing TNT version 1.5 (Goloboff et al., 2008; Goloboff &Catalano, 2016)","ark://27927/pjb4z7xgmrh"
"81","TNT","Zerolength branches among any of the recovered mostparsimonious trees (MPTs) were collapsed (rule 3 ofSwofford & Begle, 1993, and Coddington & Scharff, 1994).Topologically unstable terminals were detected andalternative strict reduced consensus trees were exploredusing the iterPCR protocol implemented in TNT v.1.5 (Pol &Escapa, 2009)","ark://27927/pjb4z7xgmrh"
"82","TNT","The TNT software is madefreely available by the Willi Hennig Society.AMEGHINIANA - 2022 - Volume 59 (3): 210–220218"""""""",""""""""BONA ET AL.: EARLY CAIMANINES: TAXONOMIC STATUS OF NOTOCAIMAN219REFERENCESAmeghino, F","ark://27927/pjb4z7xgmrh"
"83","TNT","TNT version 1.5, including afull implementation of phylogenetic morphometries","ark://27927/pjb4z7xgmrh"
"84","TNT","TNT, a free programfor phylogenetic analysis","ark://27927/pjb4z7xgmrh"
"85","PAUP","PAUP: Phylogenetic analysisusing parsimony, Version 3.1","ark://27927/pjb4z7xgmrh"
"86","PAUP","Following Nesbitt(2011), the six above-mentioned OTUs were excluded froman analysis of his pruned data set that was expanded to includeDiandongosuchus (thus comprising 78 taxa and 412 characters):this analysis was run with 18 ordered multistate characters (32,52, 121, 137, 139, 156, 168, 188, 223, 243, 258, 269, 271, 291, 297,328, 356, and 399) and was performed using a heuristic search inPAUP∗ 4.0b10 (Swofford, 2002)","ark://27927/pgg1wqvrss9"
"87","PAUP","The results of this second analysis were almostidentical to those from the first analysis, with minor differencesin the tree indexes (14,040 MPTs with TL of 1338 steps, CI of0.3655, and RI of 0.7581): the poposauroid status of Diandongosuchusis supported by 18 synapomorphies, including five un-equivocal character states.To test the effect of the four single-specimen OTUs excludedby Nesbitt (2011), we included these in a second expanded dataset (now with 82 taxa and 412 characters, including Diandongosuchus).An analysis was carried out using a heuristic search inPAUP∗ 4.0b10, with the aforementioned 18 multistate charactersordered","ark://27927/pgg1wqvrss9"
"88","PAUP","PAUP∗ Phylogenetic Analysis Using Parsimony(∗And Other Methods) 4.0b10","ark://27927/pgg1wqvrss9"
"89","PAUP","The MP and ML analyses were conducted with PAUP* version 4.0b10 (Swofford 2002)","ark://27927/phz8tffcmbt"
"90","PAUP","Science Press, Beijing.Swofford DL (2002) PAUP*","ark://27927/phz8tffcmbt"
"91","PAUP","Gentry andHooker (1988) supported placement of cainotheriids within Tylopoda,along with the oreodonts and mixtotheres, based ontheir preferred analysis, but their PAUP cladogram placed themas more basal selenodonts, outside of Tylopoda + Ruminantia(Fig","ark://27927/pgh2247jg0h"
"92","PAUP","TheirPAUP analysis placed cainotheriids as basal selenodont taxa,outside the Tylopoda + Ruminantia, whereas their manual tree,in which they attempted to reduce reversals, put cainothereswithin Tylopoda","ark://27927/pgh2247jg0h"
"93","TNT","We also captured performancein predicting the effects of hMC4R mutations by com-puting Q2, the 2-state per-residue accuracy defined byQ2 \u0002TP \u0003 TNTP \u0003 TN \u0003 FP \u0003 FN\u0002N correctly predicted variantsN all variants(Eq","ark://27927/phzdwwbwscc"
"94","PAUP","Two phylogenetic analyses werethen performed (see Supplementary Online Material at http://app.pan.pl/SOM/app56−Amson_Laurin_SOM.pdf) using thematrix of 78 characters and PAUP 4.0b10 (Swofford 2001).The first reflects our anatomical interpretations (justified be−low) and ordering scheme; the second discards data on Tetra−ceratops that is based on anatomical interpretations that havebeen criticized in the abstract of Conrad and Sidor (2001),and treats one of our characters as unordered","ark://27927/phw221r3cw6"
"95","PAUP","PAUP","ark://27927/phw221r3cw6"
"96","PAUP","Character 32 was redefined fromcharacters 47 and 50 in Ahlberg and Johanson (1998), with thepostspiracular plate defined as a posteriorly displaced extratemporal.Five taxa were designated as outgroups (Diabolepis, Gly-ptolepis, Porolepis, Powichthys, and Youngolepis), all membersof the Dipnomorpha (lungfish stem group) (Ahlberg and Johanson,1998; Friedman et al., 2007).The phylogenetic analysis was performed in PAUP* 4b10(Swofford, 1998), using the branch and bound search option.This resulted in 18 shortest trees, each with a length of 128 steps(CI \u0001 0.55, RI \u0001 0.80)","ark://27927/pfm290qvj"
"97","PAUP","PAUP* 4.0","ark://27927/pfm290qvj"
"98","PAUP","This is where globular teeth erupt inthose taxa bearing them—teeth erupting from the large thirteenthor fourteenth alveoli are still conical.AnalysisThis matrix was analyzed using PAUP* (ver","ark://27927/pgg2k418d8q"
"99","PAUP","PAUP*: Phylogenetic Analysis Using Parsimony(*and Other Methods), version 4.0b8","ark://27927/pgg2k418d8q"
"100","PAUP","Evolutionary pairwise distances in PAUP* 4.0b10 (Swofford 2002) were calculated using a maximum likelihood model with parameter estimates from a maximum likelihood analysis carried out in Garli 0.951 (Zwickl 2006) with the GTR+I+G model, selected as best by Modeltest 3.7 (Posada and Crandall 1998) based on the AIC criterion","ark://27927/pgfv36hwfx"
"101","PAUP","PAUP*","ark://27927/pgfv36hwfx"
